GROUP,PACKAGE,CLASS,INSTRUCTION_MISSED,INSTRUCTION_COVERED,BRANCH_MISSED,BRANCH_COVERED,LINE_MISSED,LINE_COVERED,COMPLEXITY_MISSED,COMPLEXITY_COVERED,METHOD_MISSED,METHOD_COVERED
stars,edu.brown.cs.hshah9.REPL,REPL,36,0,2,0,10,0,3,0,2,0
stars,edu.brown.cs.hshah9.KDTree,KDNode,0,29,0,0,0,12,0,6,0,6
stars,edu.brown.cs.hshah9.KDTree,KDTree,0,97,0,2,0,18,0,4,0,3
stars,edu.brown.cs.hshah9.KDTree,NodeComparator,0,40,0,4,0,8,0,4,0,2
stars,edu.brown.cs.hshah9.Parser,Parser,6,25,1,1,3,8,1,2,0,2
stars,edu.brown.cs.hshah9.Mock,MockCommand,95,0,6,0,22,0,6,0,3,0
stars,edu.brown.cs.hshah9.Mock,MockPerson,82,0,6,0,15,0,5,0,2,0
stars,edu.brown.cs.hshah9.stars,StarsCommand,3,149,1,9,1,35,1,7,0,3
stars,edu.brown.cs.hshah9.stars,StarsApplication,142,0,10,0,31,0,12,0,7,0
stars,edu.brown.cs.hshah9.stars,Main.RadiusNameHandler,123,0,10,0,25,0,6,0,1,0
stars,edu.brown.cs.hshah9.stars,MainFourCommands,88,323,11,29,32,71,11,21,0,12
stars,edu.brown.cs.hshah9.stars,NaiveNeighborsCommand,193,206,23,15,38,40,17,11,4,5
stars,edu.brown.cs.hshah9.stars,NaiveRadiusCommand,6,138,4,12,2,28,4,8,0,4
stars,edu.brown.cs.hshah9.stars,Star,0,58,0,2,0,14,0,7,0,6
stars,edu.brown.cs.hshah9.stars,RadiusCommand,27,214,4,16,4,37,4,10,0,4
stars,edu.brown.cs.hshah9.stars,Main.ExceptionPrinter,26,0,0,0,8,0,1,0,1,0
stars,edu.brown.cs.hshah9.stars,Main.FrontHandler,18,0,0,0,2,0,1,0,1,0
stars,edu.brown.cs.hshah9.stars,Main.NeighborsCorHandler,149,0,10,0,29,0,6,0,1,0
stars,edu.brown.cs.hshah9.stars,SharedData,0,64,0,4,0,19,0,11,0,9
stars,edu.brown.cs.hshah9.stars,NeighborsCommand,120,260,17,17,18,52,11,12,0,6
stars,edu.brown.cs.hshah9.stars,Main.NeighborsNameHandler,123,0,10,0,25,0,6,0,1,0
stars,edu.brown.cs.hshah9.stars,Main.RadiusCorHandler,149,0,10,0,29,0,6,0,1,0
stars,edu.brown.cs.hshah9.stars,Main,128,0,2,0,33,0,6,0,5,0
stars,edu.brown.cs.hshah9.stars,EuclideanDistComparator,2,32,1,3,1,7,1,3,0,2
stars,edu.brown.cs.hshah9.csvReader,CsvReader,7,66,0,2,3,15,1,4,1,3
